mysql> USE udacity;
Database changed
mysql> SELECT * FROM test_table;
+----+-------------+---------------------+
| id | name        | creation_date       |
+----+-------------+---------------------+
|  1 | Test Name 1 | 2025-01-02 15:03:52 |
|  2 | Test Name 2 | 2025-01-02 15:03:52 |
+----+-------------+---------------------+
2 rows in set (0.01 sec)

mysql> INSERT INTO test_table (name) VALUES ('Secondary Test');
ERROR 1290 (HY000): The MySQL server is running with the --read-only option so it cannot execute this statement
mysql> tee ~/log_rr_before_promotion.txt
mysql: Can't create/write to file '~/log_rr_before_promotion.txt' (OS errno 2 - No such file or directory)
Error logging to file '~/log_rr_before_promotion.txt'
mysql> tee /home/ec2-user/log_rr_before_promotion.txt
Logging to file '/home/ec2-user/log_rr_before_promotion.txt'
mysql> USE udacity;
Database changed
mysql> SELECT * FROM test_table;
+----+-------------+---------------------+
| id | name        | creation_date       |
+----+-------------+---------------------+
|  1 | Test Name 1 | 2025-01-02 15:03:52 |
|  2 | Test Name 2 | 2025-01-02 15:03:52 |
+----+-------------+---------------------+
2 rows in set (0.00 sec)

mysql> INSERT INTO test_table (name) VALUES ('Test Read Replica');
ERROR 1290 (HY000): The MySQL server is running with the --read-only option so it cannot execute this statement
mysql> SELECT * FROM test_table;
+----+-------------+---------------------+
| id | name        | creation_date       |
+----+-------------+---------------------+
|  1 | Test Name 1 | 2025-01-02 15:03:52 |
|  2 | Test Name 2 | 2025-01-02 15:03:52 |
+----+-------------+---------------------+
2 rows in set (0.00 sec)

mysql> notee;
Outfile disabled.
mysql> exit